{"cameraMode":{"drawMode":0,"name":"Shaded","section":"Shading Mode"},"sceneLighting":false,"audioPlay":false,"sceneViewState":{"m_AlwaysRefresh":false,"showFog":true,"showSkybox":false,"showFlares":true,"showImageEffects":true,"showParticleSystems":true,"showVisualEffectGraphs":true,"m_FxEnabled":true},"in2DMode":false,"pivot":{"x":0.561140775680542,"y":-0.2557706832885742,"z":0.39566779136657717},"rotation":{"x":-0.14676742255687715,"y":-0.32933077216148379,"z":0.051901090890169147,"w":-0.9312934279441834},"size":1.8302381038665772,"orthographic":false}