{"cameraMode":{"drawMode":0,"name":"Shaded","section":"Shading Mode"},"sceneLighting":true,"audioPlay":false,"sceneViewState":{"m_AlwaysRefresh":false,"showFog":true,"showSkybox":true,"showFlares":true,"showImageEffects":true,"showParticleSystems":true,"showVisualEffectGraphs":true,"m_FxEnabled":true},"in2DMode":false,"pivot":{"x":9.016990661621094,"y":3.13950777053833,"z":-0.4269999861717224},"rotation":{"x":0.12116993218660355,"y":-0.02233162336051464,"z":0.0027276601176708938,"w":0.9923668503761292},"size":5.082916736602783,"orthographic":true}